,category,header,content
0,politics,"After sinking the Moskva, Ukraine hits Russian occupiers on Snake Island.","<p class=""lj b do dp gr lk gs gt ll gv gw iq fu"">After sinking the Moskva, Ukraine hits Russian occupiers on Snake Island. The Operational Command South of the Ukrainian Ground Forces has disclosed news about a strike on Zmiinyi, Snake Island, that destroyed a Russian control post and an anti-aircraft missile system “9K35 Strela-10,” last Tuesday. Any losses of lives among… Hey, remember when I was wondering why Justice Clarence Thomas hadn’t been impeached? My reasoning was that he refused to recuse himself from a case that involved a lobbyist that his wife worked for and then compounded that error by not reporting her income.</p>"
1,politics,The Far Right Is Seizing Control of Our Democracies,"<p class=""lj b do dp gr lz gs gt ma gv gw iq fu"">We’re Underestimating How Badly Our Democracies Are Collapsing into Fascism —  When I look at America today — and much of the world, though I’ll use America as the example here — I see something incredibly chilling at work. Something that’s being broadly, widely underestimated. The far right is seizing control of society. Its institutions, norms, values. Its offices and laws… I believe we’re in for an economic thrashing…</p>"
2,politics,Twitter’s Hostile Takeover Teaches us How Democracies Die,"<p class=""lj b do dp gr lk gs gt ll gv gw iq fu"">Our Institutions are Falling to the Far Right, One by One. That’s a Fascist Collapse. —  Twitter died yesterday. That’s a joke. (Not really.) The first three words of Camus’ The Stranger are “Mother died yesterday.” Twitter — unfortunately — shaped our world as much as that great book did. And now — well, it’s no more. As flawed as it was — and it was… She was… “But E,” I’d say, “You’re fifteen years behind the industry. Uncensored free…</p>"
3,politics,Why Elon Musk Buying Twitter Is Even Worse Than You Think,"<p class=""lj b do dp gr lk gs gt ll gv gw iq fu"">If You’re Thinking of Leaving Twitter, Come Join Us at Medium — Because It’s the Antidote —  Yes, your gut is correct. Elon Musk buying Twitter is really bad news. In so, so many ways, it’s hard to even begin to count. But let’s try, anyways, just to get the frustration out of our systems. Twitter is a terrible business. As Josh Brown said, it’s about the… Well, here’s a great example of why there…</p>"
4,politics,"The World Consumes More Than 170,000 Terawatt Hours of Energy Every Year","<p class=""lj b do dp gr lk gs gt ll gv gw iq fu"">It’s time to get responsible. —  Energy prices are going up. Maybe you’ve noticed. The world is fighting over resources now, from oil to natural gas. Just recently, Russia stopped gas supplies to Poland and Bulgaria in retaliation for supplying weapons to Ukraine. … … In short, value is what we want. Most people don’t want war, or atrocity…</p>"
5,politics,Elon Musk May Turn the Digital Town Square into a Colosseum,"<p class=""lj b do dp gr lk gs gt ll gv gw iq fu"">The world’s richest man could use Twitter to radically disrupt politics —  Ten years ago, Google did something unprecedented for a giant tech company. It blacked out the landing page for search and replaced it with a call to action, urging people to email their elected representatives in Congress to stop legislation that Google feared would break the internet. It was part… “That means nigger citizenship. Now, by God, I’ll put him through. That is the last speech he will ever make.”</p>"
6,politics,The Fight Against “Gender Ideology” Is Coming For You,"<p class=""lj b do dp gr lk gs gt ll gv gw iq fu"">As the right wing moves to immiserate or kill everyone but cis, straight white guys, the targets don’t even know they’re in the same fight. —  Writing about gender as a trans feminist feels like a fool’s errand in 2022. For one thing, our enemies understand the field of play better than we do. As the right mounts a plan to immiserate or kill everyone who isn’t a straight, white guy, starting with the most vulnerable…</p>"
7,politics,Xi Jinping Cannot Get Out of the Zero-COVID or He Will Admit That the Chinese Model Is Not Superior.,"<p class=""lj b do dp gr lk gs gt ll gv gw iq fu"">Xi Jinping’s credibility is at stake in a crucial year for him. —  Some 2,000 kilometers away and a huge gap. … The economy. Inflation. The rising cost of everything we buy from new houses… When I was young, I would watch various films and TV shows that had villains and their henchmen and I would wonder about these henchmen. Why were they following this villain’s instructions? Why were they loyal to a bad person who ordered them to…</p>"
8,politics,The World Throws Away 1.6 Billion Tons of Food Every Year,"<p class=""lj b do dp gr lk gs gt ll gv gw iq fu"">It’s time for a better plan. —  Let’s face it, we’re in a global food crisis. Drought is hammering North and South America. War has interrupted Ukraine’s wheat harvest. Heat waves threaten India’s crop production. On top of that, politicians are pulling stunts that result in hundreds of millions of dollars in food going bad. Famine is… Andrew Ross Sorkin appeared on MSNBC to discuss student debt. Progressives are fighting very hard to empower the president to use his authority to…</p>"
9,politics,How Will the Revelation of Ginni Thomas’ Texts Affect Clarence Thomas?,"<p class=""lj b do dp gr lk gs gt ll gv gw iq fu"">Democrats are holding hearings on impeachment and imposing a code of ethics on SCOTUS —  Hey, remember when I was wondering why Justice Clarence Thomas hadn’t been impeached? My reasoning was that he refused to recuse himself from a case that involved a lobbyist that his wife worked for and then compounded that error by not reporting her income. Well, it just got worse. The…</p>"
10,politics,Chuck Schumer Says Biden is “More Open” to Cancelling $50k in Student Loan Debt.,"<p class=""lj b do dp gr lk gs gt ll gv gw iq fu"">I’ll believe it when I see it. —  The 2020 election feels like an eternity ago. Of course, it’s difficult not to look back on it without considering all the campaign promises made by Biden and the Democratic Party that were never kept. Virtually everything Democrats claimed to stand for, whether it be making the child tax credit…</p>"
11,politics,The War in Ukraine is getting HOT,"<p class=""lj b do dp gr lz gs gt ma gv gw iq fu"">Crude Oil and Gas War. —  In the last days, the war advanced on a new scale. Big collusion between Russia and the West is not only a wish for some pro-war enthusiasts. It’s increasing daily. Many countries are proving now ready to take risks that they rejected six weeks ago. The unthinkable is now thinkable…</p>"
12,politics,Bernie Sanders is Running in 2024 & I Have Something to Say About It,"<p class=""lj b do dp gr lk gs gt ll gv gw iq fu"">Can we please get the grandparents off the stage —  DISCLAIMER This is not an ageist rant. I am a senior citizen criticizing my peers. Yuh know how I’m always complaining that the Democrats have no exciting, popular candidates to run against Trump or DeSantis or any other Trump wannabe in 2024? Well, here’s a great example of why there…</p>"
13,politics,"Ocean Microplastics Have Now Been Discovered 9,000 Feet up a French Mountain","<p class=""lj b do dp gr lk gs gt ll gv gw iq fu"">We’re going to breathe ourselves to death if we don’t stop the fossil fuel industry —  My wife and I were halfway through our glorious five-month backpacking journey through Central America. We’d purchased one-way tickets and were traveling from the Panama Canal all the way to Mexico, volunteering at eco-villages, organic farms, and hippie communes along the way. I was so excited to visit Lake Nicaragua.</p>"
14,politics,You Are Not a Republican. I’m Sorry,"<p class=""lj b do dp gr lz gs gt ma gv gw iq fu"">America was shaped, chiseled, and sculpted by real Republicans —  After listening to Abraham Lincoln’s speech in the White House on April 11, 1865, John Wilkes Booth told Lewis Powell: “That means nigger citizenship. Now, by God, I’ll put him through. That is the last speech he will ever make.” Booth shot the president three days later at Ford’s Theater…</p>"
15,politics,How Will Workers Make Billionaires Richer if Billionaires Automate All the Workers’ Jobs?,"<p class=""lj b do dp gr lk gs gt ll gv gw iq fu"">The elite end game is ridiculous —  Hyper-elites aren’t thinking straight about the end game. Case in point: Elon Musk wants to build automated car factories that can build more automated car factories. It’s a cool idea until you realize Musk will inevitably run into the Henry Ford Problem. Ford realized that cars were expensive and workers…</p>"
16,politics,Sri Lanka on the brink,"<p class=""lj b do dp gr lz gs gt ma gv gw iq fu"">The following is a longer version of a piece I wrote for The New Statesman published on April 27. All pics by me. If anyone had said just a few months ago that thousands of ordinary Sri Lankans would soon take to the streets demanding the resignation of the once-widely…</p>"
17,politics,You Can become Everything In This Innocent World But Not a Leader,"<p class=""lj b do dp gr lk gs gt ll gv gw iq fu"">why integrity is important in leadership? You can become everything in this innocent world, but not a leader. Leader is not the one, who merely leads a group of people. He is not merely the one, who gives them a vision and leads them towards it. He is not merely…</p>"
18,politics,Can a White Billionaire Really Destroy Black Twitter? Only Time Will Tell,"<p class=""lj b do dp gr lk gs gt ll gv gw iq fu"">It’s a little early to write a eulogy for Black Twitter —  Elon Musk, the wealthiest man in the world, is attempting to secure a deal to buy Twitter for 44 billion dollars. When the news hit, many users felt dread in the pit of their stomachs. Because of Musk’s all-or-nothing approach to free speech, many fear his takeover will lead to…</p>"
19,politics,“Overpopulation is Not a Problem” — Here’s Why!,"<p class=""lj b do dp gr lz gs gt ma gv gw iq fu"">By the 1960s, the global population was growing faster than ever. And the world was covered with sayings like; More than 11,000 scientists signed a petition calling for population control. Bill Gates — “The population is growing the fastest where people are less able to deal with it!”. Too many…</p>"
20,politics,Tucker Carlson Cured My Gender Dysphoria,"<p class=""lj b do dp gr lz gs gt ma gv gw iq fu"">I am not really transgender, my sperm count is just too low. —  Tucker Carlson has found the cure for gender dysphoria. He can make a cisgender male out of a transgender one by increasing their testosterone. (Wait a minute I tried that and it didn’t work…) He even went further by suggesting that if I tan my testicles I will naturally increase…</p>"
21,politics,A Funeral for My Christianity,"<p class=""lj b do dp gr lz gs gt ma gv gw iq fu"">I am witnessing the second death of Jesus here in American Christianity and no I’m not dealing with it well. —  By John Pavlovitz A friend told me that I seemed angry lately and at first it really pissed me off. I instantly mounted a spirited, vigorous defense laying out the reasons she had assessed me incorrectly but soon found myself trailing off, resigned to a harsh, unwelcome truth: She was…</p>"
22,politics,The Strangely Conservative Politics of ‘The Batman’,"<p class=""lj b do dp gr lz gs gt ma gv gw iq fu"">Matt Reeve’s gritty reboot set out to change the game &amp; sadly crashed headfirst into the pavement —  Director Matt Reeves’s gritty The Batman involves a newish Bruce Wayne AKA Batman (played by Robert Pattinson) battling against the criminal elements of Gotham City while simultaneously trying to stop a serial killer named the Riddler (Paul Dano). This Batman is a darker, arguably mentally unwell person, saying lines like…</p>"
23,politics,The Fight Against “Gender Ideology” Is Coming For You,"<p class=""lj b do dp gr lk gs gt ll gv gw iq fu"">As the right wing moves to immiserate or kill everyone but cis, straight white guys, the targets don’t even know they’re in the same fight. —  Writing about gender as a trans feminist feels like a fool’s errand in 2022. For one thing, our enemies understand the field of play better than we do. As the right mounts a plan to immiserate or kill everyone who isn’t a straight, white guy, starting with the most vulnerable…</p>"
24,politics,Why Hasn’t Racism Gone Away? It’s Convenient,"<p class=""lj b do dp gr lz gs gt ma gv gw iq fu"">The Benefits Outweigh The Cost of Eradicating it —  “Would any one believe that I am master of slaves by my own purchase? I am drawn along by the general inconvenience of living without them. I will not — I cannot justify it, however culpable my conduct.” — Patrick Henry Very often, I write one story that leads to…</p>"
25,politics,Florida’s Now Got an Election Police Force.,"<p class=""lj b do dp gr lz gs gt ma gv gw iq fu"">Because what could go wrong? —  When considering what the future of the Republican Party looks like, one need look no further than Ron DeSantis and the state of Florida. The lawmaker widely known as Trump’s protege is at it again, this time for signing new election legislation into law. Fredreka Schouten with CNN writes: “Florida…</p>"
26,politics,From Versailles to Potsdam. Vladimir Putin’s view on the origins of the World War,"<p class=""lj b do dp gr lk gs gt ll gv gw iq fu"">As Walter Rathenau, a famous German industrialist and liberal politician of Jewish origin, once remarked, “There is no point in history, no law”. Although his words applied to the Kaiser’s Germany of the early 20th century and not to Putin’s Russia of the early 21st, they are of extraordinary relevance…</p>"
27,politics,How “Not All White People” Became an Assault on All Black People,"<p class=""lj b do dp gr lk gs gt ll gv gw iq fu"">Unpacking the harm of a seemingly benign phrase —  When Black people discuss racism, there’s usually at least one commenter who says, “not all White people,” as if they’re telling you something special, something redeeming. White people who use this phrase attempt to undermine a credible claim of racism to lessen it. …</p>"
28,politics,I Honestly Don’t Care About Your Personal Political Affiliation,"<p class=""lj b do dp gr lk gs gt ll gv gw iq fu"">I’m passionate about politics and have my ideas and beliefs about the system but… —  Don’t make me feel dumb and I’ll return the favor Even though I’m passionate and an activist, an advocate for marginalized groups, and a self-proclaimed leftist, I honestly don’t care what personal beliefs you hold. That’s your cross to bear. I’m not going to harm you or make you feel stupid for what you believe in, as long as you…</p>"
29,politics,White Smoke Versus Black Smoke,"<p class=""lj b do dp gr lz gs gt ma gv gw iq fu"">History is a litany of bad lies —  The white smoke that appeared at 17:30 hours on March 2, 1939, suddenly turned black. Monsignor Vincenzo Santoro quickly grabbed the telephone and dialed Vatican Radio to reassure Rome and the entire world that the smoke was indeed white. Eugenio Pacelli had been elected as the new Supreme Pontiff. The…</p>"
30,politics,Book Bans Are a Slide Towards Authoritarianism,"<p class=""lj b do dp gr lz gs gt ma gv gw iq fu"">It’s happening right in front of our eyes. Will you take a stand against censorship? —  Banning books. I never thought I’d see it in the modern era. The United States of America is a country based on the principles of protecting free speech, no matter how offensive that speech may be. Mr. Ron DeSantis, Governor of the state of Florida, do you believe in the…</p>"
31,politics,Why Are Taxes So Complicated?,"<p class=""lj b do dp gr lz gs gt ma gv gw iq fu"">Who would reasonably object to simplifying the tax system? —  Death and taxes are the only two certainties in life. I’m sure everybody has heard the saying in one form or another and like most people around this time of the year, I also had to do my civic duty last weekend and do my taxes. However, it was an…</p>"
32,politics,How can you get around Book Censorship?,"<p class=""lj b do dp gr lz gs gt ma gv gw iq fu"">Banning and perhaps even burning books has been a popular pastime for some. I can only wonder if those motivated to embark upon this path have ever actually read Ray Bradbury’s dystopian “Fahrenheit 451”. For those unfamiliar with that, it is a 1953 book about a future American society in…</p>"
33,politics,"Global Military Spending Surpassed $2,000 Billion in 2021 — Putin Threat Will Accentuate This Trend.","<p class=""lj b do dp gr lk gs gt ll gv gw iq fu"">The world of the coming years looks increasingly perilous. —  The amount had been approached in 2020 and is now being largely exceeded in 2021. Despite an economic climate slowed by the COVID-19 pandemic and despite logistical disruptions and inflation, global military spending continued to rise, crossing the $2 trillion mark for the first time last year, according to the…</p>"
34,politics,Tucker Carlson Said Kevin McCarthy Was a Puppet of the Democrats,"<p class=""lj b do dp gr lk gs gt ll gv gw iq fu"">Wow, then he is one piss poor puppet —  This is just one of those rich and delicious “in case you missed it” items from the news. I just felt compelled to dash off a quick piece on this, just to brighten your day, as it certainly brightened mine. In fact, I did a spit take with my coffee…</p>"
35,politics,33 Billion More for War?,"<p class=""lj b do dp gr lz gs gt ma gv gw iq fu"">Say goodbye to any hopes for reducing student debt, reparations, universal health care, affordable housing, climate change alleviation funding…you get the picture. The US has a proxy war to fight! Biden is requesting a whopping 33 billion for his proxy war on Russia, aiding Ukraine on the battlefield, until kingdom…</p>"
36,politics,Biden Delivers Some Good News About the Economy,"<p class=""lj b do dp gr lz gs gt ma gv gw iq fu"">“What you’re seeing is enormous growth in the country,” President Joe Biden told the press today. Everywhere you look these days, from traditional to social media, one subject in particular seems to be our new national preoccupation: The economy. Inflation. The rising cost of everything we buy from new houses…</p>"
37,politics,How The Rich Get Richer Under Austerity,"<p class=""lj b do dp gr lz gs gt ma gv gw iq fu"">It’s prosperity for the rich, austerity for the poor —  Austerity doesn’t work and yet people keep applying it, saying the bitter medicine that killed the last fifteen patients is somehow good for you. I often think of Leo Tolstoy at these times. He said: This wonderful blindness which befalls people of our circle can only be explained by the…</p>"
38,politics,I Am A Russian Combat Dolphin,"<p class=""lj b do dp gr lz gs gt ma gv gw iq fu"">Ask Me Anything. —  I am Sasha, the Combat Dolphin. I’m currently serving the great Russian nation by protecting its naval vessels in Sevastopol harbor. We have been brought here to patrol the Black Sea for enemy saboteurs who might threaten our ships with underwater explosives or the like. Believe it or not, I…</p>"
39,politics,The North-South Divide in the UK: The Gap is only getting bigger.,"<p class=""lj b do dp gr lz gs gt ma gv gw iq fu"">Josh Rayner The North-South divide refers to the economic, cultural, and social divide in the UK between the North and South. This has been a prominent topic in British politics in recent years. At the last election the Conservative Manifesto ran on its idea of “levelling up” the North which…</p>"
40,politics,Are We Having Financial Difficulties Or Are We Heading For Disaster?,"<p class=""lj b do dp gr lk gs gt ll gv gw iq fu"">What the smart people are saying —  I’ve been an armchair economist for as long as I can remember. I’m not a financial advisor and I don’t have formal training in economics, so everything that follows is my own opinion based on what I’ve read and understood, over time. I believe we’re in for an economic thrashing…</p>"
41,politics,Artist Perspective: The Concept of “Cultural Appropriation” is Vastly Exaggerated,"<p class=""lj b do dp gr lk gs gt ll gv gw iq fu"">As an artist, I can and will create what I want, and let the consequences fall where they may. —  As an Artist of Color, I couldn’t care less what “WOKE” people or others believe when I am creating art, music, or performance pieces in the tradition of specific African tribes, Japanese Printmakers, Native American artisans, or from the traditions of any other culture. If I ethically credit where my…</p>"
42,politics,What A Chinese Navy Base In The Solomons Means For The World,"<p class=""lj b do dp gr lk gs gt ll gv gw iq fu"">Why everyone is low key freaking out —  The government of the Solomon Islands recently signed a new security agreement with China that completely pivots the foreign policy of the small island nation away from Australia. Previously, Australia was the nation’s lead security partner and has worked closely with the islands in the past even including sending troops…</p>"
43,politics,The Biggest Lie for the Biggest Country,"<p class=""lj b do dp gr lz gs gt ma gv gw iq fu"">The fantasy world of Russian propaganda immerses Russians in their own reality, separate from the rest of the world. In this parallel reality, the Russian president is a hero who starts a war so that peace can come (do not look for logic), and the Russian occupiers are liberators (it…</p>"
44,politics,"One Small Step for Musk, One Giant Leap for Fascist Trolls","<p class=""lj b do dp gr lk gs gt ll gv gw iq fu"">Elon Musk could ruin Twitter. —  Elon Musk just bought Twitter. Honestly, I haven’t felt this much dread since Donald Trump won the presidency in 2016. Musk says he’s making the deal to protect freedom of speech, and I don’t buy it for a second. A lot of optimists are busy right now trying to tell…</p>"
45,politics,The Failed Russian Revolution of 1825,"<p class=""lj b do dp gr lz gs gt ma gv gw iq fu"">The Decembrist uprising ultimately paved the way for the successful revolution of 1917 —  The Imperial Russian army and their Prussian and Austrian allies marched on Paris in March of 1814. The Napoleonic wars that had raged in Europe since 1801 were coming to an end. Napoleon was forced to recognize himself as defeated. The French military dictator had no choice but to surrender…</p>"
46,politics,Is it time for the GOP to ditch Trump? It might be the only way to reclaim the White House.,"<p class=""lj b do dp gr lk gs gt ll gv gw iq fu"">As the Republican Party looks forward to slaughtering their opponent on election day in November, they should remember that history favors winners who get things done! Republicans won both chambers of Congress in the first midterm election against liberal President Bill Clinton not long ago. Clinton did, however, win re-election…</p>"
47,politics,YES! Forgive student debt now. Here’s why the corporations & rich must pay for it.,"<p class=""lj b do dp gr lk gs gt ll gv gw iq fu"">Now that some student debt relief may be at hand, the corporatocracy has sent out its misinformed. Here’s the deal. Student Debt Forgiveness? Andrew Ross Sorkin appeared on MSNBC to discuss student debt. Progressives are fighting very hard to empower the president to use his authority to…</p>"
48,politics,John Barron writes Vlad’s declaration of victory speech,"<p class=""lj b do dp gr lk gs gt ll gv gw iq fu"">Thank you, thank you. Da. Thank you. Folks, they said we couldn’t win. Couldn’t be done. People came up to me, big manly Russian men and women, with tears in their eyes, and said, “Mr. Putin, sir, you can’t mean it. It’s crazy. It’s too bold. Too macho. It can’t…</p>"
49,politics,When Fearlessness Becomes Recklessness,"<p class=""lj b do dp gr lz gs gt ma gv gw iq fu"">I am to the Philippine drug situation what an audience member is to a feature film displayed on a cinema screen: I watch everything unfold before my eyes, yet I do not play a part in the show before me. I am not a dealer of illegal drugs, a user…</p>"
50,politics,2022 predictions revisited: where we are now,"<p class=""lj b do dp gr lz gs gt ma gv gw iq fu"">This past December, I challenged myself to make some predictions for the new year — including how the global economy might respond to some brimming international tensions. As we get close to mid-year, I’m circling back to see how those predictions have aged. My prediction: China seeking retribution after Olympic boycotts. Where we are: A lot of bark…</p>"
51,politics,An inconvenient Truth Fighting drug smugglers at the border is senseless Stop the demand at home,"<p class=""lj b do dp gr lk gs gt ll gv gw iq fu"">Is drug legalization the answer? —  Unfortunately, those who want to fight the drug problem at the border forget America’s capitalist instincts. Solve the demand, not the supply. Solve the drug problem at home One of my listeners continues to blame the border drug smuggling on Democrats. Of course, we know that drugs flow across the borders irrespective of the President…</p>"
52,politics,Can We Speak? When Speech Has Color: Aphonic Speech and Respectability Politics,"<p class=""lj b do dp gr lk gs gt ll gv gw iq fu"">Sharon Jacob &amp; Leonard McMahon The current hostility among representatives on both sides of the aisle sheds important light on the relationship between respectability politics and speech. …</p>"
53,politics,"If Putin Was Around in The 1800s, Would the USA be Russian Today?","<p class=""lj b do dp gr lk gs gt ll gv gw iq fu"">Would Russia have colonised the USA? Russia wanted to. Russia has always been a country looking for dominance and expansion, it seems, but the same was true of the British Empire in the 19th Century. Britain, however embraced democracy over time, although Britain started out with a small percentage of…</p>"
54,politics,"What Worked for Us, Will Not Work for Them","<p class=""lj b do dp gr lz gs gt ma gv gw iq fu"">Little Timmy was told to find something he loves, and do it for a living…Timmy loves video games, watching YouTube, and social media…what’s the job for that? If I don’t love going to work….I’m not going I know every generation has some version of this. Those crazy kids! With their blaring music and provocative clothing and radical ideas…they’re all…</p>"
55,politics,Restorative Justice in Tennessee,"<p class=""lj b do dp gr lz gs gt ma gv gw iq fu"">“Bennett’s Law” will make drunk drivers pay child support to their victims There are many varieties of justice. American jurisprudence has focused on retribution. This means balancing the books by inflicting pain on the criminal in proportion to the harm he has done. There may be a sense of balance…</p>"
56,politics,Inflation’s root causes-The Meyer Daily,"<p class=""lj b do dp gr lz gs gt ma gv gw iq fu"">America has been on a unique path because of Mr Biden’s excessive $1.9trn fiscal stimulus, which passed in March 2021. It added extra oomph to an economy that was already recovering fast after multiple rounds of spending, and brought the total pandemic stimulus to 25% of gdp — the highest…</p>"
57,politics,Should Politicians Talk About God In The Public Arena?,"<p class=""lj b do dp gr lz gs gt ma gv gw iq fu"">By Mike Edwards Spiritual leaders and politicians say we must turn to God as a nation. But believers and unbelievers in God don’t share their understanding of truth and God. Moral truths can be pursued through one’s understanding of natural law or God, depending on their beliefs. Natural law truths…</p>"
58,politics,No Happy Endings,"<p class=""lj b do dp gr lz gs gt ma gv gw iq fu"">Too many aren’t paying enough attention to the GOP —  What’s the point? Addressing the many lies and misinformation bombarding Trump supporters and die-hard right-wingers is a challenging, frustrating effort. It’s like playing tennis against multiple opponents at the same time. Continuing denial of the threats posed by climate change; relentless chatter about a stolen election; banning classroom discussions of…</p>"
59,politics,Jocelyn Sage Mitchell Discusses the Varieties of Democracy,"<p class=""lj b do dp gr lz gs gt ma gv gw iq fu"">Boston, Massachusetts Mar 26, 2022 (Issuewire.com) — On March 2, 2022, the Varieties of Democracy (V-Dem) Project released its latest, updated version of its award-winning dataset, which provides historical and modern-day data of 202 countries on all sorts of important aspects of politics, including governing systems, political equality, media and…</p>"
60,politics,Extreme Social and Political Ideals Reinforced at the ‘Great Homeschool Convention’,"<p class=""lj b do dp gr lk gs gt ll gv gw iq fu"">From young-earth creationism to Tucker Carlson, the gathering of homeschool families offered a view of the world — and homeschooling — that is filled with anxiety over the left —  I first learned about the Great Homeschool Convention’s turn through my area in Ohio from a homeschooling family member. …</p>"
61,politics,"Authoritarianism Is a Slow Trickle, Until It’s Not","<p class=""lj b do dp gr lz gs gt ma gv gw iq fu"">The biggest threats to Europe are still coming from within. —  So, Marine Le Pen lost to Emmanuel Macron on Sunday, and we can all collectively take a deep breath. The danger of Putin’s puppet taking over the government of one of the biggest and politically most influential countries on the continent has been pushed away. …</p>"
62,politics,"It’s the Ideology, Stupid.","<p class=""lj b do dp gr lz gs gt ma gv gw iq fu"">Bill Clinton’s election campaign in 1992 famously quipped, ‘It’s the economy, stupid’. Emerging from the Cold War victoriously just a couple of years prior and facing a post-Gulf War recession, that was a comparative luxury of a stance that Clinton could not only afford to assume — but also to…</p>"
63,politics,Will Trump Rejoin Twitter?,"<p class=""lj b do dp gr lz gs gt ma gv gw iq fu"">Can he resist the temptation of 88.7 million followers? —  You guys, Elon Musk’s purchase of Twitter opens the possibility that all of those people who were banned from Twitter under the old management, may be able to get their accounts back under the new management. That includes a certain super tweeter who used his account to broadcast his every…</p>"
64,politics,CEO Pay Explodes Again: Why All Attempts To Stop It Have Failed,"<p class=""lj b do dp gr lk gs gt ll gv gw iq fu"">CEO Pay Explodes Again: Why All Attempts To Stop It Have Failed It’s that time of year again. Public companies have sent out their financial statements ahead of their spring annual general meetings. …</p>"
65,politics,An Aging Brain Isn’t a Subpar Brain,"<p class=""lj b do dp gr lz gs gt ma gv gw iq fu"">Mental lapses people attribute to aging aren’t inevitably dementia and regardless shouldn’t be targets of ridicule —  One of the easiest-access targets in U.S. culture — especially in political and comedic commentary — is any hint in someone over age 60 that their brain is “failing” them somehow. A misspeak or a forgotten fact, and we’re off to the political horse races with people tossing around terms…</p>"
66,politics,"The Lowdown: Pumili Ng Tama, Huwag Padadala","<p class=""lj b do dp gr lz gs gt ma gv gw iq fu"">Ang artikulong ito ay parte ng isang serye ng mga artikulo tungkol sa eleksyon at paano pumili ng tama. Magulo Ang Eleksyon, Parang Buhay Ng Tao Pumili Ng Tama, Huwag Padadala Pagboto — Gawin Ng Tama, Huwag Shushunga-shunga Pagkatapos natin maipakita ang kahalagahan ng ating karapatan na bumoto, atin namang…</p>"
67,politics,Confronting the Constitution Part 6: Western Ideals and Idealists: The Quest to Balance Too Many Humans,"<p class=""lj b do dp gr lk gs gt ll gv gw iq fu"">In Susan Shell’s remarkable contribution to Confronting the Constitution, her chapter, “Idealism,” surveys its impact on the American Founding and later Western experience. Through examination of ideals by idealists, Shell considers their approach to “the political problem.” That is, the employment of classical liberal principles used to stabilize large numbers…</p>"
68,politics,Gov. DeSantis Signs Election Integrity Bill Into Law — No More ‘Zuckerbucks’ In Florida,"<p class=""lj b do dp gr lk gs gt ll gv gw iq fu"">Are the measures being introduced fair to all voters? —  On April 25 Governor Ron DeSantis signed another new bill into law as he approved S524 — the Election Integrity act. The bill was approved by the state senate in the March legislative season after politicians voted along partisan lines and approved the bill by 23 votes to 15.</p>"
69,politics,Open Letter to President Joe Biden,"<p class=""lj b do dp gr lz gs gt ma gv gw iq fu"">An open letter to President Joe Biden: Dear Joe Biden (President Joe Biden), As an American, I have some concerns. And here are these concerns. But first, I would like to say that most Americans voted for you because they felt that you were better than the other guy. Well…</p>"
70,politics,Is Elon Really Trying to Free Twitter?,"<p class=""lj b do dp gr lz gs gt ma gv gw iq fu"">It looks like Elon ended up buying Twitter for $44 billion, after rejecting becoming part of the board. Now, the question that remains is: will Twitter finally be the pinnacle of free speech? We’ve all witnessed the ban of Donald Trump and the uprising of misinformation that plagues the online…</p>"
71,politics,The Good Times Were Not Always Good,"<p class=""lj b do dp gr lz gs gt ma gv gw iq fu"">Reconciling with a past we did not always choose is a bold move A fascinating and poignant article in the Washington Post about an African American family who had identified the farm where their ancestors had been enslaved prior to the US Civil War 1861–65. The family that owned the…</p>"
72,politics,What Has AG Garland Done During His First Year in Office?,"<p class=""lj b do dp gr lk gs gt ll gv gw iq fu"">He seems to be avoiding the elephant in the room —  The New York Times has an article reviewing Attorney General Merrick Garland’s first year in office. I was excited to read it cuz you know me. I’m convinced that he’s not doing a damn thing except maybe taking long lunches and afternoon naps. Finally, I would find out what great…</p>"
73,politics,Florida’s “Stop WOKE” Law Proves the Point for Racial Justice Activists,"<p class=""lj b do dp gr lk gs gt ll gv gw iq fu"">Republicans display systemic racism by banning teaching about systemic racism —  Republicans in Florida just passed the “Stop WOKE Act” to prevent workplaces and schools from teaching about systemic racism. The law forbids any training or instruction that teaches: individuals are “inherently racist, sexist, or oppressive, whether consciously or unconsciously”; that people are privileged or oppressed based on race, gender, or…</p>"
74,politics,Can Religious Liberty Stand the Test of Time?,"<p class=""lj b do dp gr lz gs gt ma gv gw iq fu"">Written by Adam Cable Many summers ago, I was biking with my dad, descending a steep hill. We crossed a large bridge that overlooked a major freeway, and I was captivated by the view. However, it was not until about three-quarters of the way down the hill that I realized…</p>"
75,politics,Both Tyranny and Justice Depend on Recognition,"<p class=""lj b do dp gr lz gs gt ma gv gw iq fu"">About villains, henchmen, dictatorships, and patriotism. —  Part of my series on Recognition. A Concept Little-Known Outside Academic Philosophy May Be The Key To Social Justice
The UK recently observed the 100th anniversary of women gaining the right to vote and the US will reach the century…medium.com Why Ukrainians but not Syrians?
Text transcript of my recent podcast responding to Putin’s invasion of Ukrainemedium.com</p>"
76,politics,Madison Cawthorn’s Getting A Trip To the Cornfield,"<p class=""lj b do dp gr lz gs gt ma gv gw iq fu"">The word was out. The bosses had enough of Madison Cawthorn. They had enough. How much were they gonna take? So they made an example of him —  Whether it is a leaky roof or a flood in the basement, or a river or creek for that matter, the water always comes from somewhere. In the case of the drip, drip, drip of bad news heading the way of North Carolina Representative Madison Cawthorn (R-Screwed) the deluge of…</p>"
77,politics,The Russia-Ukraine War Has Perhaps Revitalised Coal,"<p class=""lj b do dp gr lz gs gt ma gv gw iq fu"">Will the Move Towards or Away from Fossil Fuels Be Quickened? —  Balkan nations in Southeast Europe, in particular, are currently turning to the fossil fuel coal as they try to tackle the global surge in energy prices due to the Russia-Ukraine war. …</p>"
78,politics,A Divided World,"<p class=""lj b do dp gr lz gs gt ma gv gw iq fu"">In the last 2 weeks we have seen a lot of unrest in America due to the murder of a black person called ‘George Floyd’ by the police. Violent protests have broken down in various parts of America condemning Trump and his racist staments in the aftermath of George’s untimely…</p>"
79,politics,Pegasus And The Catalan Gate,"<p class=""lj b do dp gr lz gs gt ma gv gw iq fu"">Be careful, this is loaded with spy things. —  Do you remember the Pegasus project? In case it doesn’t sound familiar to you, it is malicious software that began to be talked about in 2016, when researchers from Lookout and Citizen Lab discovered an active threat that was capable of obtaining a person’s data stored on Apple servers, Google…</p>"
80,politics,I Smell a Musk-Rat,"<p class=""lj b do dp gr lz gs gt ma gv gw iq fu"">Elon Musk denies rumors that he’s changing Twitter’s name to “Squawk” —  Elon Musk has grown bored with cars and Mars. At what new challenge can this Ayn Randian hero with astronomical wealth and matching ego fail? Of course! Perfecting social media so that anybody can say or post anything! My fantasy interview with Elon “But E,” I’d say, “You’re fifteen years behind the industry. Uncensored free…</p>"
81,politics,What Is A Woman?,"<p class=""lj b do dp gr lz gs gt ma gv gw iq fu"">Answering the reactionary challenge —  Recently with the rise of transphobia across the US in particular, one of the questions transphobes have levied toward supporters of trans rights is what is a woman? This is obviously little more that an attempt to back people into a corner where reactionaries can give their stock reply of…</p>"
82,politics,"How to know who is responsible for war, planetary damage, and other atrocities.","<p class=""lj b do dp gr lk gs gt ll gv gw iq fu"">A little of the power of Maths and Logic, applied to human nature. —  Firstly, recall mathematically proven Metcalfe’s law, which states that the value of any network is proportional to the square of the number of users: Metcalfe's law - Wikipedia
Metcalfe's law states that the value of a telecommunications network is proportional to the square of the number of…en.wikipedia.org Add to that a mental note of what we mean by “Value”:</p>"
83,politics,Republicans are still scum,"<p class=""lj b do dp gr lz gs gt ma gv gw iq fu"">Just after news broke of President Joe Biden’s plan to fulfill his campaign promise to cancel student debt, Republicans introduced a bill that would explicitly bar him from doing so, despite evidence that the current towering burden of student debt constitutes a major economic crisis. GOP Senators Bill Cassidy (Louisiana)…</p>"
84,politics,No One is Neutral,"<p class=""lj b do dp gr lz gs gt ma gv gw iq fu"">The idea for this post emerged out of researching how universities have been transformed into businesses, but I wanted to focus on other areas for this post. No one is neutral is about understanding that neutrality itself is a political statement. To be neutral is to be political often with…</p>"
85,politics,"Why We Need to Ridicule Tucker Carlson, False Christians, And Creeps","<p class=""lj b do dp gr lk gs gt ll gv gw iq fu"">The tricky part is knowing who deserves ridicule and who deserves our compassion —  Late night and the nitwits Every late-night talk show tears into the Trumpeteers, Fox News, right-wing pundits, and of course, our delightfully deranged politicians. It gets a bit old, frankly. Yet, we need to continue to ridicule the ridiculous. …</p>"
86,politics,The History of Recognition Theory,"<p class=""lj b do dp gr lz gs gt ma gv gw iq fu"">Part of my series on the concept of recognition. —  Recognition Part 3: History of Recognition Theory - Insert Philosophy Here
The world needs more philosophy. More to the point, we all need to engage with the world with a more philosophical…pod.co Earlier parts: Why Ukrainians but not Syrians?
Text transcript of my recent podcast responding to Putin’s invasion of Ukrainemedium.com Both Tyranny and Justice Depend on Recognition
About villains, henchmen, dictatorships, and patriotism.dgilesphilosopher.medium.com</p>"
87,politics,Blockchain… The best of both worlds?,"<p class=""lj b do dp gr lz gs gt ma gv gw iq fu"">The 20th century was a very important century in the history of mankind. It was by far the most war-torn century of all time. Why is that one might ask? Well, many answers could be given to this question, but it is not my purpose to explore them now. What…</p>"
88,politics,China Banned it’s Own National Anthem,"<p class=""lj b do dp gr lz gs gt ma gv gw iq fu"">The war on truth is being fought right before our eyes —  I can’t say that the world’s twisted relationship with truth is all because of the former, failed president DJT. Although it does appear he’s allergic to the truth. That’s beside the point of this article. Truth has always been subjective to people in power, but Donald Trump was the ultimate…</p>"
89,politics,3 Thought-Provoking Reasons Why We Should Abolish the Army,"<p class=""lj b do dp gr lk gs gt ll gv gw iq fu"">War is not in our interests —  Armies exist for violent and selfish purposes, so they should be abolished. But to do so would need global agreement. Otherwise, there would be a threat to non-army states. Armies help to control people for the most part. The military will always be on the government’s side. Even if there…</p>"
90,politics,"Fortress Russia: To Survive the Sanctions, Vladimir Putin Advocates a Return to the Soviet Era.","<p class=""lj b do dp gr lk gs gt ll gv gw iq fu"">4 glaring examples of the new normality of the Russian people who must turn inward. —  More than sixty days after the beginning of Vladimir Putin’s war in Ukraine, we still have difficulty seeing a quick outcome to this conflict. I would like to be wrong, but I have the feeling that we are heading for a war of attrition whose death toll will, unfortunately, continue…</p>"
91,politics,Ukraine Will Not Lose and Russia Can Win,"<p class=""lj b do dp gr lz gs gt ma gv gw iq fu"">War devolves into a test of endurance Vladimir Putin, like a child running to his second favorite toy after losing the first, fired an intercontinental ballistic missile after the Ukrainians sentenced his favorite guided missile cruiser Moskva to a special underwater military operation. The Fuhrer had no choice. He had…</p>"
92,politics,"We’re All Going to Die, so Just Relax and Stop Worrying","<p class=""lj b do dp gr lk gs gt ll gv gw iq fu"">Optimists and doomsayers finally agree. —  Well, it’s official. Gun violence has become the leading cause of death for American children. Maybe it’s just my pessimism, but that feels preventable. Nobody sounds shocked. I guess everyone’s still at Coachella. We have companies now that charge hundreds of dollars to teach little kids how to throw crayons…</p>"
93,politics,Tory candidate who compared trans people to Nazis suspended from party,"<p class=""lj b do dp gr lk gs gt ll gv gw iq fu"">Alex Bramham made the comparison after his partner, known as Brad, first attracted controversy with a recolour of a Nazi swastika in pastels used for the transgender flag. —  Bramham, who was running for a position in LGBT+ Conservatives; a wing of the main party, has been suspended from the party as a whole. In a statement posted by LGBT+ Conservatives they state; “We have received multiple complaints regarding online posts from two members, one of whom is standing…</p>"
94,politics,A Conversation with President Bill Clinton (3 Takeaways),"<p class=""lj b do dp gr lk gs gt ll gv gw iq fu"">The 42nd president of the United States, President Bill Clinton, visited Brown University this week. It was an outstanding event, in recognition of Brown scholar Casey Shearer. I had the privilege of being in the first few rows. Here are a few of my takeaways: The world needs short nonfiction President Clinton discussed his time…</p>"
95,politics,The Unmitigated Truth on What is Critical Race Theory (CRT),"<p class=""lj b do dp gr lk gs gt ll gv gw iq fu"">Just know, that if the United States wasn’t a bad place, there would not have been a need for the Civil Rights Movement. If this country was not horrible, there would not have been a need to assassinate many leaders of before said movement. So with that understanding, I will…</p>"
96,politics,What Does Elon Musk Want To Change About Twitter?,"<p class=""lj b do dp gr lz gs gt ma gv gw iq fu"">Elon Musk’s Twitter takeover: $44 billion deal —  Who owns Twitter now? Or who is the owner of Twitter? — It’s official. It’s done. Twitter is currently owned by Elon Musk. Chances are, you’ve heard. Elon Musk is going to buy Twitter for $44 Billion. The story goes like this: Tesla and SpaceX founder and CEO, Elon Musk…</p>"
97,politics,Is Trump Coming Back to Twitter?,"<p class=""lj b do dp gr lz gs gt ma gv gw iq fu"">Only one factor will determine whether or not the 45th president will be allowed back on his favorite social media platform. The once-unthinkable has finally happened. On Monday, Elon Musk bought Twitter for $43 billion. All predictions that Musk was not serious, that he could not raise the capital, or…</p>"
98,politics,60 Days of War In Ukraine,"<p class=""lj b do dp gr lz gs gt ma gv gw iq fu"">What we have learned about Putin’s strategy —  For those who have never been in a combat zone (I’ve served in 4), once the bullets start flying, things get very confusing. You think you are ready, but all the training you’ve had keeps the muscle memory going despite the emotions you are having at the time. It’s something…</p>"
99,politics,The War in Ukraine as a Symptom of Tomorrow’s Collapse,"<p class=""lj b do dp gr lk gs gt ll gv gw iq fu"">Russia’s invasion of Ukraine is inexcusable. However many legitimate grievances Russia may have with the US and NATO in no way justify the horror of the war being waged. This article in no way seeks to excuse Russian aggression. But if cutting gas to nations in NATO is blackmail, what…</p>"
100,politics,American Hypocrite — Why?,"<p class=""lj b do dp gr lz gs gt ma gv gw iq fu"">I’m writing a series called American Hypocrite. Here is the first post. Why? My thoughts are still riding the waves of “Deconstruction”. This is a term used quite often to describe people rejecting the cultural aspects of the their “Evangelical” faith. I use the quotes because it’s weird and loaded…</p>"
101,politics,Why We need to Boycott Disney,"<p class=""lj b do dp gr lz gs gt ma gv gw iq fu"">Governor Ron DeSantis (R-Florida) has a brilliant strategy for his presidential run. DeSantis is running against the Walt Disney Company (NYSE: DIS), not Donald J. Trump Sr. (R-Florida) or President Joe Biden (D-Delaware). The strategy is stupid because Disney is a corporation that runs movie studios, video streaming services, theme…</p>"
102,politics,"Otello Chelli, “Rizio”","<p class=""lj b do dp gr lz gs gt ma gv gw iq fu"">Rizio belongs to the “Morgiano lineage”, he is young, handsome, poor. Rizio is a hard and pure Communist, with a noble, supportive, almost evangelical soul. He lives in the slum, built on the lawns of the Nuova fortress following the bombing that devastated Livorno. Well-liked by the leaders of…</p>"
103,politics,Disney & Marvel Studios have been Mishandling Black Widow for Years,"<p class=""lj b do dp gr lk gs gt ll gv gw iq fu"">At this point it doesn’t really matter when they release the film That girl is on fire! Image: Marvel Studios For those of us that begged for a solo Black Widow film, who patiently endured assurances it was going to happen soon, eventually, who then watched Natasha die in Endgame in such a way as to take resurrection completely off the table…</p>"
104,politics,Democracy — Bob and Dave,"<p class=""lj b do dp gr lz gs gt ma gv gw iq fu"">Democracy has several things going for it. First, if it all goes wrong, there’s no one person to blame. It is faceless. I had this thought while having a beer and sitting in a pub here in the Midwest. The very best thing about Democracy is optimism. It assumes overall superiority. —  Elected officials flinch first and change course second. Take the guy sitting at the other end of the bar; he seems a genuine red-neck Republican. But, no, seriously, they have a specific look. He’s flipping a beer mat between his fingers, thinking the Biden administration has ruined his life. He…</p>"
105,politics,Prelude: Understanding Politics,"<p class=""lj b do dp gr lz gs gt ma gv gw iq fu"">I love Virginia, I have been obsessively studying political science says 2016 both the internal mechanism and the global geopolitical arena, I’m very grateful to be a citizen of the United States and it is more to me than a prosperous life, but I embrace the ideals the country stands…</p>"
106,politics,Regarding the 2022 midterms: Crime & Schools,"<p class=""lj b do dp gr lz gs gt ma gv gw iq fu"">So by now, we’ve all heard about the crime wave that is sweeping across the news and sigh…Fox News, no less. We’ve also heard about the CRT and the indoctrination and the parents’ rights topics too. And as expected, they are not favorable topics for Democrats to be talking about…</p>"
107,politics,Hot People and You,"<p class=""lj b do dp gr lz gs gt ma gv gw iq fu"">Daily Meditation — 4/27/2022 Your friend points out an attractive person. Their body is nice, and sure they have good features, but you don’t feel the pull… Meanwhile, your friend is insisting they are flawless — perfect eyes, the best hair, and the most irresistible body. They rave on and on, obsessing. This is all perception of the individual and differences in perception. So why can’t you understand these differences with politics?
Religion?
Approaches to work?</p>"
108,politics,Obama and America’s “Eroding Democracy”,"<p class=""lj b do dp gr lz gs gt ma gv gw iq fu"">In Obama’s recent speech he trotted out the establishment line that our “democracy” is in crisis and is eroding, implying that it was at one time a well functioning democracy representing the will of the people. I’m wondering when that was exactly? Every time one of these clowns tells us…</p>"
109,politics,How ‘Legalized Corruption’ Is Stealing Your Future,"<p class=""lj b do dp gr lz gs gt ma gv gw iq fu"">And it always will if we don’t get rid of it —  Slag, gob, culm. These are dirty words, not to be used in your bedroom, but made to denote a unique form of waste left behind by coal mining. The word ‘gob’ was originally an acronym, standing in for ‘garbage of bituminous,’ and the thing-itself is as ugly as the word…</p>"
110,politics,"The False Narrative that the Right, the Left, and Christianity can co-exist","<p class=""lj b do dp gr lk gs gt ll gv gw iq fu"">In the West, the political landscape is easily drawn between two ‘ideologies’ or ‘factions’ — the ‘left’ and the ‘right’, with one — the left, seeking to erode natural law and advance the role of the state in every aspect of human existence, and the right, focused on expanding the…</p>"
111,politics,Our Society Has Metastatic Cancer,"<p class=""lj b do dp gr lz gs gt ma gv gw iq fu"">We do not need a doctor specialist in government to tell us that. The United States will die unless we work together to rebuild a healthy society regardless of ideology. We, the people, need to recapacitate what the government is. How the government operates. They are NOT who we follow for direction. They follow us. We…</p>"
112,politics,China’s Soccer Desires,"<p class=""lj b do dp gr lz gs gt ma gv gw iq fu"">The beautiful tool… —  The Chinese government have their eyes on the beautiful game and they’ve long had the sport within their sights. It’s a nation that wants to show itself to the world, screaming “acknowledge me” at every turn. It’s a nation that should be acknowledge. What greater way to size yourself up…</p>"
113,politics,We Should Never Allow Republicans to Hold Power Again,"<p class=""lj b do dp gr lk gs gt ll gv gw iq fu"">When it mattered most, Kevin McCarthy and Mitch McConnell chose power over the country —  TRADING IS AS MUCH ART AS IT IS SCIENCE. No matter what the analysis, the charts, or the algorithms say, sometimes a trader goes with their gut. Maybe it’s a feeling about the market’s direction or stock that doesn’t feel right. Other times, it’s a hunch regarding a merger that…</p>"
114,politics,Social Media Responses to Obvious Skin Bleaching Show Why This Dangerous Practice Continues Unabated in Africa,
115,politics,The Appalling Consequences of Trump Returning to Twitter,"<p class=""lj b do dp gr lk gs gt ll gv gw iq fu"">Why do Republicans want this? —  Elon Musk’s offer to buy Twitter must have Republicans cheering. Musk says he wants to open “free speech,” which we can only guess means to allow the likes of Donald Trump, Qanon, and other hate speakers to get access back to the platform. Musk has criticized the Trump ban and…</p>"
116,politics,Christian Karen held me hostage during a blood draw,"<p class=""lj b do dp gr lz gs gt ma gv gw iq fu"">Why do Christian zealots think the rest of us want to hear their opinions or their conversion attempts? —  As I sat in the lab at the hospital next to my doctor’s office, a needle in my arm as nine vials of blood were being drawn, I was held hostage to a religious sermon that I did not consent to. When exactly did the separation of church and state…</p>"
117,politics,"Elon Musk, The Free Speech Absolutist?","<p class=""lj b do dp gr lz gs gt ma gv gw iq fu"">Think again…. At the heart of Elon Musk’s successful takeover bid of Twitter was his spiel about being a free speech absolutist. In his libertarian eyes, the most powerful social media tool around, had become intolerant of dissenting political views and was too quick in clamping down on comments that…</p>"
118,politics,Why We Shouldn't Say “Tankie”,"<p class=""lj b do dp gr lz gs gt ma gv gw iq fu"">To be entirely transparent, this quick essay is meant to explain my belief that the term Tankie should be abandoned in political discourse, which is inspired by it sounding cringy to me but more importantly it is a vague and inconsistent term that we could replace with more precise terms…</p>"
119,politics,The C.W.O.,"<p class=""lj b do dp gr lz gs gt ma gv gw iq fu"">The last essay focused on what was referred to as metapolitics, the idea that there is something spiritual behind human affairs. This idea negates political systems based on discourse and compromise, which is the nature of representative governments. Metapolitics asserts that there exists a set of essential laws that necessarily…</p>"
120,politics,Why is Medical Marijuana Legalization Stalling in Nebraska? A Governor’s Legacy of Greed and Self-Interest,
121,politics,Why I am running for Lieutenant Governor with Doug Gansler,"<p class=""lj b do dp gr lk gs gt ll gv gw iq fu"">When I stepped down as Mayor of the City of Hyattsville in December 2020, I had no intention of getting back into politics — at least not as an elected official. I’d decided to focus on the important work of growing Our Black Party, an organization I co-founded earlier that…</p>"
122,politics,"If Musk Lets Trump Back Into Twitter, I Quit","<p class=""lj b do dp gr lz gs gt ma gv gw iq fu"">I may quit anyway if too much “free” hate shows up —  I don’t like Elon Musk. That’s a simple enough statement of fact. I made a nice profit from buying Tesla stock very early, but I dumped it all last year because I think Elon, like most billionaires, is a danger to himself and others. …</p>"
123,politics,Stop Chewing Silicon Valley Garbage,"<p class=""lj b do dp gr lz gs gt ma gv gw iq fu"">I’ve had the privilege of speaking with the younger diaspora a lot over the last one decade. One thing that seems to be be common is the fascination people have with America. The reason could be attributed to the powerful mass media machinery America had. It helped America to a…</p>"
124,politics,Argentina: Meritocracy and ‘Cryptocapitalism’,"<p class=""lj b do dp gr lz gs gt ma gv gw iq fu"">It’s about time to make a change, don’t relax, do it slowly. We’re still a young country, that’s our fault and there’s so much we have to go through. Find a fight, act up, if you want, you can bargain, look at Finland* they’re old, but they’re happy+ —  Meritocracy: Capable technical bureaucrats The Argentinean State is dysfunctional. Some of the people who work in it are good, capable and responsible, committed to the many levels of public service, allowing the gears of the immense state machinery to move slowly and heavily.</p>"
125,politics,"Stats That Prove Republicans Are Right, Books Are Dangerous and Need to be Banned","<p class=""lj b do dp gr lk gs gt ll gv gw iq fu"">Here’s a look at book-related deaths in the United States, based on a Pew Research Center analysis of data from the CDC, the FBI and other sources. In 2020, the most recent year for which complete data is available, more Americans died of book-related injuries (45,222) than in any other…</p>"
